-- ==============================================================================
-- SEED TEST DATA FOR YANBA PERFUMES (VALID UUID SCHEMA)
-- ==============================================================================

-- 1. CLEANUP (Optional - Uncomment if you want to clear existing data)
-- TRUNCATE public.inventory, public.product_categories, public.product_tags, public.product_collections, public.products, public.brands, public.categories, public.tags, public.collections RESTART IDENTITY CASCADE;

-- 2. BRANDS (10)
-- Using valid hex IDs: 00000000-0000-0000-0000-000000000001 to 00000000000a
INSERT INTO public.brands (id, name, description) VALUES 
('00000000-0000-0000-0000-000000000001', 'أمواج', 'علامة تجارية فاخرة تعكس تراث العطور الشرقية الأصيلة'),
('00000000-0000-0000-0000-000000000002', 'عبد الصمد القرشي', 'سادة العطر الملكي، خبراء العود والعنبر منذ عقود'),
('00000000-0000-0000-0000-000000000003', 'العربية للعود', 'أكبر صانع للعطور الشرقية في العالم'),
('00000000-0000-0000-0000-000000000004', 'الماجد للعود', 'عطور ترتقي بالذوق، مزيج بين الأصالة والحداثة'),
('00000000-0000-0000-0000-000000000005', 'نخبة العود', 'شغف التميز وعطور تناسب كل الأذواق'),
('00000000-0000-0000-0000-000000000006', 'إبراهيم القرشي', 'عراقة الماضي وإبداع الحاضر في عالم العطور'),
('00000000-0000-0000-0000-000000000007', 'الدخيل للعود', 'أصالة العطور الشرقية الممزوجة بأرقى الروائح'),
('00000000-0000-0000-0000-000000000008', 'هند العود', 'عطور تعبر عن الفخامة والأناقة'),
('00000000-0000-0000-0000-000000000009', 'درعة', 'عطور ومنتجات تجميل تلبي احتياجات الأسرة'),
('00000000-0000-0000-0000-00000000000a', 'عساف', 'عطور نادرة بلمسة عربية مميزة')
ON CONFLICT (id) DO NOTHING;

-- 3. CATEGORIES (10)
-- 00000000-0000-0000-0000-000000000101 to 00000000010a
INSERT INTO public.categories (id, name, description) VALUES 
('00000000-0000-0000-0000-000000000101', 'عطور رجالية', 'أرقى العطور الرجالية الفواحة'),
('00000000-0000-0000-0000-000000000102', 'عطور نسائية', 'عطور نسائية جذابة وناعمة'),
('00000000-0000-0000-0000-000000000103', 'عطور للجنسين', 'روائح محايدة تناسب الجميع'),
('00000000-0000-0000-0000-000000000104', 'زيوت عطرية', 'خلاصات عطرية نقية ومركزة'),
('00000000-0000-0000-0000-000000000105', 'عود وبخور', 'أخشاب العود والبخور الطبيعي'),
('00000000-0000-0000-0000-000000000106', 'معطرات جو', 'روائح منعشة للمنزل والمكتب'),
('00000000-0000-0000-0000-000000000107', 'مسك', 'منظفات وعطور المسك الأبيض والأحمر'),
('00000000-0000-0000-0000-000000000108', 'عطور النيش', 'عطور حصرية ومبتكرة'),
('00000000-0000-0000-0000-000000000109', 'مستخلصات عطرية', 'مواد خام عطرية فاخرة'),
('00000000-0000-0000-0000-00000000010a', 'هدايا ومجموعات', 'أطقم هدايا للمناسبات الخاصة')
ON CONFLICT (id) DO NOTHING;

-- 4. TAGS (10)
-- 00000000-0000-0000-0000-000000000201 to 00000000020a
INSERT INTO public.tags (id, name) VALUES 
('00000000-0000-0000-0000-000000000201', 'جديد'),
('00000000-0000-0000-0000-000000000202', 'الأكثر مبيعًا'),
('00000000-0000-0000-0000-000000000203', 'عرض خاص'),
('00000000-0000-0000-0000-000000000204', 'حصري'),
('00000000-0000-0000-0000-000000000205', 'نفحات خشبية'),
('00000000-0000-0000-0000-000000000206', 'عود أولي'),
('00000000-0000-0000-0000-000000000207', 'مسك خالص'),
('00000000-0000-0000-0000-000000000208', 'هدية فاخرة'),
('00000000-0000-0000-0000-000000000209', 'صيفي'),
('00000000-0000-0000-0000-00000000020a', 'شتوي')
ON CONFLICT (id) DO NOTHING;

-- 5. COLLECTIONS (10)
-- 00000000-0000-0000-0000-000000000301 to 00000000030a
INSERT INTO public.collections (id, name, description) VALUES 
('00000000-0000-0000-0000-000000000301', 'التشكيلة الملكية', 'مجموعة مختارة للمقام الرفيع'),
('00000000-0000-0000-0000-000000000302', 'مجموعة الصيف', 'روائح خفيفة ومنعشة'),
('00000000-0000-0000-0000-000000000303', 'مجموعة الشتاء', 'نفحات دافئة وثقيلة'),
('00000000-0000-0000-0000-000000000304', 'روائع العود', 'خلاصات العود الفاخرة'),
('00000000-0000-0000-0000-000000000305', 'أسرار المسك', 'كل ما يخص عالم المسك'),
('00000000-0000-0000-0000-000000000306', 'النخبة', 'عطور لعلية القوم'),
('00000000-0000-0000-0000-000000000307', 'العطور الكلاسيكية', 'بصمات عطرية خالدة'),
('00000000-0000-0000-0000-000000000308', 'الأناقة العصرية', 'عطور تواكب الموضة'),
('00000000-0000-0000-0000-000000000309', 'إصدار محدود', 'نسخ نادرة بعدد محدود'),
('00000000-0000-0000-0000-00000000030a', 'هدايا كبار الشخصيات', 'أطقم فاخرة للإهداء')
ON CONFLICT (id) DO NOTHING;

-- 6. PRODUCTS (10)
-- 00000000-0000-0000-0000-000000000401 to 00000000040a
INSERT INTO public.products (id, name, description, price_dzd, image_url, brand_id) VALUES 
('00000000-0000-0000-0000-000000000401', 'عطر إنترلود', 'عطر شرقي خشبي يجسد الفوضى والهدوء معاً، بتركيز عالي وثبات خرافي.', 45000, '', '00000000-0000-0000-0000-000000000001'),
('00000000-0000-0000-0000-000000000402', 'سفاري', 'توليفة رائعة من العود القديم مع قطرات من المسك الأبيض الفاخر.', 25000, '', '00000000-0000-0000-0000-000000000002'),
('00000000-0000-0000-0000-000000000403', 'مخلط شمس', 'عطر دافئ ينبض برائحة العود والخشب والتوابل الدافئة.', 15000, '', '00000000-0000-0000-0000-000000000003'),
('00000000-0000-0000-0000-000000000404', 'بلاك ليذر', 'عطر جلدي فخم ذو طابع كلاسيكي جريء للمناسبات الرسمية.', 12000, '', '00000000-0000-0000-0000-000000000004'),
('00000000-0000-0000-0000-000000000405', 'عود أبيض', 'عطر هادئ ومميز يجمع بين العود الأصيل ونعومة الورود البيضاء.', 8000, '', '00000000-0000-0000-0000-000000000005'),
('00000000-0000-0000-0000-000000000406', 'مسك الختام', 'مسك صافي بنكهة زهرية ناعمة يمنحك إحساساً بالنظافة والانتعاش.', 9000, '', '00000000-0000-0000-0000-000000000006'),
('00000000-0000-0000-0000-000000000407', 'كراون الملكي', 'عطر ملكي يجمع بين نفحات العود وزهور الأوركيد الفاخرة.', 18000, '', '00000000-0000-0000-0000-000000000007'),
('00000000-0000-0000-0000-000000000408', 'وردي', 'تركيبة أنثوية جذابة تحتوي على مستخلصات الورد الدمشقي العريق.', 21000, '', '00000000-0000-0000-0000-000000000008'),
('00000000-0000-0000-0000-000000000409', 'ليال', 'عطر مسائي ساحر يغلفك بهالة من الغموض والجاذبية بفضل العنبر والباتشولي.', 5000, '', '00000000-0000-0000-0000-000000000009'),
('00000000-0000-0000-0000-00000000040a', 'مسك الطهارة', 'مسك أبيض نظيف وناعم للاستخدام اليومي لجميع أفراد الأسرة.', 3500, '', '00000000-0000-0000-0000-00000000000a')
ON CONFLICT (id) DO NOTHING;

-- 7. PRODUCT CATEGORIES (RELATION)
INSERT INTO public.product_categories (product_id, category_id) VALUES 
('00000000-0000-0000-0000-000000000401', '00000000-0000-0000-0000-000000000101'), -- إنترلود: رجالي
('00000000-0000-0000-0000-000000000401', '00000000-0000-0000-0000-000000000108'), -- نيش
('00000000-0000-0000-0000-000000000402', '00000000-0000-0000-0000-000000000103'), -- سفاري: للجنسين
('00000000-0000-0000-0000-000000000402', '00000000-0000-0000-0000-000000000105'), -- عود
('00000000-0000-0000-0000-000000000403', '00000000-0000-0000-0000-000000000101'), -- مخلط شمس: رجالي
('00000000-0000-0000-0000-000000000404', '00000000-0000-0000-0000-000000000101'), -- بلاك ليذر: رجالي
('00000000-0000-0000-0000-000000000405', '00000000-0000-0000-0000-000000000103'), -- عود أبيض: للجنسين
('00000000-0000-0000-0000-000000000406', '00000000-0000-0000-0000-000000000102'), -- مسك الختام: نسائي
('00000000-0000-0000-0000-000000000406', '00000000-0000-0000-0000-000000000107'), -- مسك
('00000000-0000-0000-0000-000000000407', '00000000-0000-0000-0000-000000000103'), -- كراون: للجنسين
('00000000-0000-0000-0000-000000000408', '00000000-0000-0000-0000-000000000102'), -- وردي: نسائي
('00000000-0000-0000-0000-000000000409', '00000000-0000-0000-0000-000000000102'), -- ليال: نسائي
('00000000-0000-0000-0000-00000000040a', '00000000-0000-0000-0000-000000000103'), -- طهارة: للجنسين
('00000000-0000-0000-0000-00000000040a', '00000000-0000-0000-0000-000000000107')  -- مسك
ON CONFLICT (product_id, category_id) DO NOTHING;

-- 8. PRODUCT TAGS (RELATION)
INSERT INTO public.product_tags (product_id, tag_id) VALUES 
('00000000-0000-0000-0000-000000000401', '00000000-0000-0000-0000-000000000204'), -- حصري
('00000000-0000-0000-0000-000000000401', '00000000-0000-0000-0000-00000000020a'), -- شتوي
('00000000-0000-0000-0000-000000000402', '00000000-0000-0000-0000-000000000202'), -- الأكثر مبيعًا
('00000000-0000-0000-0000-000000000402', '00000000-0000-0000-0000-000000000206'), -- عود أولي
('00000000-0000-0000-0000-000000000403', '00000000-0000-0000-0000-000000000201'), -- جديد
('00000000-0000-0000-0000-000000000404', '00000000-0000-0000-0000-000000000205'), -- نفحات خشبية
('00000000-0000-0000-0000-000000000404', '00000000-0000-0000-0000-000000000202'), -- الأكثر مبيعًا
('00000000-0000-0000-0000-000000000405', '00000000-0000-0000-0000-000000000203'), -- عرض خاص
('00000000-0000-0000-0000-000000000406', '00000000-0000-0000-0000-000000000207'), -- مسك خالص
('00000000-0000-0000-0000-000000000406', '00000000-0000-0000-0000-000000000209'), -- صيفي
('00000000-0000-0000-0000-000000000407', '00000000-0000-0000-0000-000000000208'), -- هدية فاخرة
('00000000-0000-0000-0000-000000000408', '00000000-0000-0000-0000-000000000201'), -- جديد
('00000000-0000-0000-0000-000000000408', '00000000-0000-0000-0000-000000000209'), -- صيفي
('00000000-0000-0000-0000-000000000409', '00000000-0000-0000-0000-000000000202'), -- الأكثر مبيعًا
('00000000-0000-0000-0000-00000000040a', '00000000-0000-0000-0000-000000000203'), -- عرض خاص
('00000000-0000-0000-0000-00000000040a', '00000000-0000-0000-0000-000000000207')  -- مسك خالص
ON CONFLICT (product_id, tag_id) DO NOTHING;

-- 9. PRODUCT COLLECTIONS (RELATION)
INSERT INTO public.product_collections (product_id, collection_id) VALUES 
('00000000-0000-0000-0000-000000000401', '00000000-0000-0000-0000-000000000301'), -- التشكيلة الملكية
('00000000-0000-0000-0000-000000000401', '00000000-0000-0000-0000-000000000309'), -- إصدار محدود
('00000000-0000-0000-0000-000000000402', '00000000-0000-0000-0000-000000000304'), -- روائع العود
('00000000-0000-0000-0000-000000000403', '00000000-0000-0000-0000-000000000307'), -- العطور الكلاسيكية
('00000000-0000-0000-0000-000000000404', '00000000-0000-0000-0000-000000000308'), -- الأناقة العصرية
('00000000-0000-0000-0000-000000000405', '00000000-0000-0000-0000-000000000304'), -- روائع العود
('00000000-0000-0000-0000-000000000406', '00000000-0000-0000-0000-000000000305'), -- أسرار المسك
('00000000-0000-0000-0000-000000000407', '00000000-0000-0000-0000-000000000301'), -- التشكيلة الملكية
('00000000-0000-0000-0000-000000000407', '00000000-0000-0000-0000-00000000030a'), -- هدايا كبار الشخصيات
('00000000-0000-0000-0000-000000000408', '00000000-0000-0000-0000-000000000302'), -- مجموعة الصيف
('00000000-0000-0000-0000-000000000409', '00000000-0000-0000-0000-000000000307'), -- العطور الكلاسيكية
('00000000-0000-0000-0000-00000000040a', '00000000-0000-0000-0000-000000000305')  -- أسرار المسك
ON CONFLICT (product_id, collection_id) DO NOTHING;

-- 10. INVENTORY (quantity_in_grams)
INSERT INTO public.inventory (product_id, quantity_in_grams) VALUES 
('00000000-0000-0000-0000-000000000401', 5000),   -- 5kg
('00000000-0000-0000-0000-000000000402', 25000),  -- 25kg
('00000000-0000-0000-0000-000000000403', 15000),  -- 15kg
('00000000-0000-0000-0000-000000000404', 10000),  -- 10kg
('00000000-0000-0000-0000-000000000405', 50000),  -- 50kg
('00000000-0000-0000-0000-000000000406', 12000),  -- 12kg
('00000000-0000-0000-0000-000000000407', 2000),   -- 2kg
('00000000-0000-0000-0000-000000000408', 8000),   -- 8kg
('00000000-0000-0000-0000-000000000409', 30000),  -- 30kg
('00000000-0000-0000-0000-00000000040a', 80000)  -- 80kg
ON CONFLICT (product_id) DO UPDATE SET quantity_in_grams = EXCLUDED.quantity_in_grams;
